,Wetland,Woodland,,Built,,Meadow,,Meadow Slope
Species,P1 (Grid 6),P2 (Grid 16),P3 (Grid 21),P4 (Grid 23),P5 (Grid 5),P6 (Grid 23),P7 (Grid 15),P8 (Grid 31)
Common Reed,1,1,1,,,,,
Puccinia convovuli,1,,,,,,,
Hedge bindweek,1,,,,,,,
Himalayan balsam,1,,1,,,,,
Xylaria hypoxyion,1,,,,,,,
Stinging nettle,1,,,,,,,
Brambles,,1,,1,,,,
Lichens,,1,,,1,,,
Grass,,1,,1,1,1,1,1
Cherry plum,,,1,,,,,
Hanging sedge,,,1,,,,,
Great stinging nettles,,,1,,,,,
White willow,,,1,,,,,
White fungus,,,1,,,,,
Greater knapweed,,,,1,1,,,
Vipers bugloss,,,,1,1,,,
Wild cherry,,,,1,,,,
Ononis sp,,,,1,,1,,1
Bristly oxtongue,,,,1,1,,,
Tropicle horseweed,,,,,1,,,
Wild carrot,,,,,1,1,,
Bull wistly,,,,,1,,,
Roundleaf geranium,,,,,1,,,
Reflexed stonecop,,,,,1,,,
Scotch broom,,,,,,,,1
Weeds,,,,1,1,,,1
Red/Brown thorny + green leaves,,,,,,,,
White clover,,,,,,1,1,
Hook lobed dandelions,,,,,,1,1,
Golovinomyces sordidus,,,,,,,1,
Dried plant,,,,,,1,,
Centaurea scabiosa,,,,1,,,,
Willow sp,,,1,,,,,
Creeping thistle,,1,,,,,,
Broad leaf plantain,,,,,,,1,
Calystegia sp (bind weeds),,1,,,,,,
Total No. of Species,6,6,8,9,11,6,5,4